{
  "config": {
    "epochs": 3,
    "warmup_epochs_dropped": 1,
    "pipeline_batch_size": 96,
    "pipeline_n_chunk": 2
  },
  "data_parallel": {
    "single_gpu": {
      "time_mean": 48.10215222835541,
      "time_std": 0.034471869468688965,
      "tok_mean": 83696.73620344875,
      "tok_std": 49.87494123377837
    },
    "two_gpu": {
      "time_mean": 28.001945436000824,
      "time_std": 0.010055005550384521,
      "tok_mean": 289080.98612927954,
      "tok_std": 114.2093780618743
    },
    "speedup_time_reduction_x": 1.7178146546386974,
    "speedup_throughput_x": 3.4539099042833152
  },
  "pipeline_parallel": {
    "model_parallel": {
      "time_mean": 46.793670415878296,
      "time_std": 0.010006189346313477,
      "tok_mean": 13677.064089579788,
      "tok_std": 2.9246539492569354
    },
    "pipeline_parallel": {
      "time_mean": 45.09517431259155,
      "time_std": 0.003106832504272461,
      "tok_mean": 14192.20599085416,
      "tok_std": 0.9777721796590413
    },
    "speedup_time_reduction_x": 1.0376646975907682,
    "speedup_throughput_x": 1.0376646550678112
  }
}